n_estimators,max_depth,min_samples_split,max_iter,mse_score_1,mse_score_2,mse_score_3,mse_score_4,mse_score_5,mse_score_6,mse_score_7,mse_score_8,mse_score_9,mse_score_10,mean_mse_score,prev_1,prev_2,prev_3,prev_4,prev_5,prev_6,prev_7,prev_8,prev_9,prev_10,mean_prev,ptev_1,ptev_2,ptev_3,ptev_4,ptev_5,ptev_6,ptev_7,ptev_8,ptev_9,ptev_10,mean_ptev
1,,2,2,33.5404191696028,27.22644613182697,22.89406836638583,29.891264266870976,29.584913158234148,41.19641931205785,43.149128536984435,30.014410797763926,40.55863126090511,14.142719194814951,31.2198420195447,1.6905091472089773,1.232948334968808,1.8430436297142931,1.6142891007537736,1.0540870871429857,1.1984238428072327,1.6923370907800381,2.9793507233541052,1.0939343104285373,1.8810252263583578,1.6279948493517107,-0.6905091472089773,-0.23294833496880787,-0.8430436297142931,-0.6142891007537735,-0.054087087142985636,-0.19842384280723274,-0.6923370907800381,-1.9793507233541052,-0.09393431042853734,-0.8810252263583577,-0.6279948493517108
1,,2,3,41.14183687684968,31.091573107903393,26.847488720331928,26.872166405599412,29.202792232472405,40.44090515054505,49.603625043311055,26.06506734212121,45.42425109481859,11.582743041145365,32.827244901509815,1.966153689953705,1.3713718972014197,2.3499777158852413,1.4311384644334952,1.2680142281139193,1.020702408541758,1.9141755457879686,2.596421943410042,1.1654201053046824,1.4770887692871035,1.6560464767919334,-0.9661536899537051,-0.3713718972014197,-1.3499777158852415,-0.4311384644334951,-0.2680142281139194,-0.020702408541758043,-0.9141755457879686,-1.596421943410042,-0.16542010530468235,-0.47708876928710353,-0.6560464767919336
1,,2,10,23.89431082641545,42.20734696017283,25.23202429489802,34.01852532770274,31.081361967871242,32.01484295286833,18.670217052288177,22.047171585625623,46.91544696982377,15.50875554194291,29.15900034796091,1.138639604004896,1.9049918683907532,2.142525535932357,1.844765444127055,1.316173841854867,0.9109614525271829,0.722697781458028,2.1974058051865026,1.2653510942336375,1.954467114457986,1.5397979542173263,-0.13863960400489603,-0.9049918683907533,-1.1425255359323572,-0.8447654441270548,-0.3161738418548669,0.0890385474728171,0.277302218541972,-1.1974058051865024,-0.2653510942336375,-0.9544671144579859,-0.5397979542173266
1,,2,20,22.041947435108632,19.535103855102548,20.742796263716418,33.998639397850916,33.22351894017486,40.050942736152834,22.42864913789714,18.42215650255187,38.738208109641896,14.096225355620684,26.32781877338178,1.0156360865642446,0.8888568599625756,1.8894571250022991,1.7645802759071492,1.438168865035895,1.1800703010598745,0.8842143785327833,1.8246644005865837,1.0030542073387998,1.5599031939937475,1.3448605693983953,-0.01563608656424473,0.11114314003742441,-0.8894571250022991,-0.7645802759071493,-0.43816886503589497,-0.18007030105987465,0.11578562146721669,-0.8246644005865837,-0.0030542073387997424,-0.5599031939937475,-0.34486056939839527
1,,5,2,34.8520544587272,37.07304403761024,16.202066708905033,26.07513766485784,39.628378818005174,31.922297373511768,36.23946315245789,27.803087127012773,53.99260176703103,22.419226374415146,32.62073574825341,1.7206430602592333,1.6545138076259662,1.474342546686596,1.4222304334652636,1.5306144802911743,0.9941154916775446,1.440264799679053,2.742936635627804,1.4500298753389862,2.9986114578944014,1.742830258854602,-0.7206430602592333,-0.6545138076259662,-0.4743425466865961,-0.42223043346526357,-0.5306144802911743,0.005884508322455305,-0.4402647996790531,-1.742936635627804,-0.4500298753389863,-1.9986114578944014,-0.7428302588546023
1,,5,3,44.786904986177554,26.12291965193079,25.23673953350794,44.51678279006207,31.6217800158521,55.48383827350172,35.89448929218453,19.29138622760548,61.57645828664403,17.725765558052302,36.22570646155185,2.0925382652689404,1.1827027193235604,2.2988896155466465,2.35294753565116,1.3752224857833633,1.805022687277253,1.3723501384761856,1.8947776950871285,1.6556916217412065,2.184345866555205,1.8214488630710648,-1.0925382652689402,-0.1827027193235605,-1.2988896155466467,-1.3529475356511602,-0.3752224857833632,-0.805022687277253,-0.3723501384761856,-0.8947776950871283,-0.6556916217412064,-1.1843458665552051,-0.8214488630710649
1,,5,10,37.99799669625492,36.3614587525348,12.463360191915324,39.34014011671662,32.848942444549586,38.201571236608196,26.780080154560725,23.82391390971321,52.79422755615929,24.41035230049741,32.50220433595101,1.728799608321451,1.6198985254710365,1.1243930541399587,2.1133706334873787,1.4287337766075334,1.0549148860209152,0.9059277661183797,2.382957841767062,1.3644609435516322,2.332110719367565,1.6055567754852913,-0.728799608321451,-0.6198985254710364,-0.12439305413995881,-1.1133706334873787,-0.42873377660753337,-0.05491488602091521,0.09407223388162037,-1.382957841767062,-0.3644609435516321,-1.3321107193675652,-0.6055567754852913
1,,5,20,32.4005704180277,28.333302725440074,13.797425901455941,26.644726097273335,36.201696670878206,31.544101269870776,16.713563942712295,11.866840270482381,42.74683446117459,11.074306088675518,25.13233678459908,1.5209634151265685,1.2889143816078803,1.2493746836629067,1.4203249544314138,1.5596466298991152,0.7814472893821617,0.6174534606044765,1.1758628566591054,1.153774250560777,1.2543145279561956,1.2022076449890602,-0.5209634151265685,-0.2889143816078802,-0.24937468366290683,-0.4203249544314137,-0.5596466298991152,0.21855271061783835,0.3825465393955235,-0.1758628566591055,-0.1537742505607771,-0.2543145279561957,-0.2022076449890601
1,1.0,2,2,20.112872378142,20.742744948506864,12.128791417213819,20.23175573839672,19.902554194860542,23.283907162991337,16.489751938380053,11.2439302558638,33.56485123571507,16.484667604578842,19.418582687464905,0.9649303290710569,0.9123881138256964,1.022698652502219,1.0941363880916088,0.8349590845397407,0.6618273414615301,0.6407230879569459,1.1167042307249102,0.9002600931594235,1.7062851860744108,0.985491250740754,0.03506967092894309,0.08761188617430357,-0.02269865250221903,-0.09413638809160886,0.1650409154602594,0.3381726585384699,0.3592769120430542,-0.11670423072491021,0.09973990684057656,-0.7062851860744107,0.01450874925924579
1,1.0,2,3,20.05073739754728,23.08199808853921,12.940698336819874,19.781032511971468,24.375419595958686,26.324073514994133,15.119229353152788,11.604185435806176,37.65846107388049,10.679992438039667,20.161582774670975,0.9793574240703652,1.021073475436747,1.1497051828579168,1.02868192330422,0.9591330495089724,0.8020457709276921,0.6020095163350793,1.1335909635232269,0.9825580883202731,1.1107890127275215,0.9768944407012012,0.020642575929634855,-0.02107347543674688,-0.14970518285791673,-0.028681923304219842,0.04086695049102761,0.19795422907230786,0.3979904836649208,-0.13359096352322683,0.01744191167972689,-0.11078901272752154,0.023105559298798626
1,1.0,2,10,21.14265361606886,19.00872391786389,13.226327142631181,18.429462844557317,23.970904735990565,31.322784344972508,23.201256913644315,13.584655903152683,41.65222146364288,7.839465698234951,21.337845658075917,1.0157319230776374,0.8542826957753142,1.165784409952055,0.9999999999999998,0.9669099207405057,0.877918979486701,0.8836553556094835,1.358129461851185,1.118799496881648,1.0,1.024121224337453,-0.015731923077637343,0.1457173042246857,-0.16578440995205485,1.938807657061223e-16,0.03309007925949429,0.1220810205132991,0.11634464439051649,-0.35812946185118505,-0.11879949688164802,0.0,-0.024121224337452944
1,1.0,2,20,26.977803750316397,23.36943370350655,12.037290249580527,19.5455703186894,22.54380393001915,30.755963912495364,22.743096596672217,12.101945843052707,40.382816684966556,9.923626316116698,22.038135130541555,1.296459244714593,1.0639997799946774,0.9498490607674862,1.0367168610177122,0.8879084185373349,0.8811873867779041,0.8519199653663849,1.1694614187814432,1.0731472639575148,1.2223641684687343,1.0433013568383784,-0.296459244714593,-0.06399977999467742,0.05015093923251382,-0.036716861017712196,0.1120915814626651,0.1188126132220959,0.14808003463361502,-0.16946141878144313,-0.07314726395751477,-0.22236416846873425,-0.0433013568383785
1,1.0,5,2,21.66492407739207,20.309413759555454,11.503871717052359,20.951809414384197,28.21227253540314,27.88029631948206,25.184771303916058,10.84686186360224,33.90038064833537,8.5338021753947,20.898840381451762,1.0,0.9210981964556268,1.0255439764861707,1.1328876922494453,1.1572711058200669,0.9004140310726143,0.969716673619433,1.084515702829907,0.9080597252629012,0.9303592981346581,1.0029866401930825,0.0,0.07890180354437314,-0.025543976486170766,-0.13288769224944527,-0.15727110582006676,0.09958596892738567,0.030283326380566918,-0.08451570282990717,0.09194027473709879,0.06964070186534191,-0.002986640193082357
1,1.0,5,3,25.117078769971783,22.776414516485797,11.024271563981703,18.23546344409459,24.195530399070712,32.989323095160486,21.81581279455785,11.979418948367336,37.913220175448984,7.3196776325800865,21.336621133971935,1.1527998365010013,1.032465818565078,0.9869991660783592,0.9907270049034702,0.9972717224652184,0.8877833034888956,0.8688985858561782,1.1981554871132973,0.9760213486598861,0.9241258100730765,1.001524808370446,-0.1527998365010013,-0.03246581856507796,0.013000833921640765,0.009272995096529795,0.002728277534781504,0.11221669651110447,0.13110141414382184,-0.19815548711329742,0.023978651340113937,0.07587418992692352,-0.0015248083704460832
1,1.0,5,10,22.373661533386908,21.849240788833256,11.244900105229744,23.67147303300013,23.872129006536056,30.904806253908777,17.970137654396694,11.465156324088515,36.287916307708734,7.800653123839449,20.744007413092827,1.098302287656282,0.9830094004473304,0.9999999999999997,1.2866800201904167,0.9565947894449542,0.8402837187998863,0.692329744460455,1.1430428618717892,0.979706159461799,0.980748063700202,0.9960697046033117,-0.09830228765628192,0.016990599552669596,3.236275317851441e-16,-0.2866800201904166,0.043405210555045724,0.15971628120011375,0.30767025553954497,-0.1430428618717892,0.02029384053820107,0.019251936299798024,0.003930295396688576
1,1.0,5,20,29.567965910903673,19.267818996466477,10.679656627095259,19.73255861945121,24.79269327946327,30.301157236020988,21.86630287531227,12.434396730907045,41.33420097265403,9.942251538492544,21.991900278676674,1.3537460367515814,0.8727178966009753,0.9379342736253816,1.0351838400256619,0.9546145655570364,0.8910068391722102,0.8174832124768635,1.2308337615297158,1.092157532943747,1.1613158202374658,1.0346993778920637,-0.3537460367515815,0.1272821033990247,0.062065726374618366,-0.03518384002566177,0.04538543444296357,0.10899316082778975,0.18251678752313655,-0.2308337615297157,-0.09215753294374693,-0.1613158202374658,-0.03469937789206388
1,50.0,2,2,43.95980744720294,35.02662663603613,25.113108846024016,44.95199418653912,27.976456627926645,28.71151088625648,33.83842629666085,34.824488154150686,42.29343599270045,28.5514556844489,34.52473107579463,2.1941283642738334,1.5707203394407725,2.285966712568276,2.1906940873687155,1.048659877763128,0.9320382152494106,1.3167958487435498,3.4687164143083464,1.128576177111983,3.8103138371995278,1.9946609874027543,-1.1941283642738336,-0.5707203394407725,-1.285966712568276,-1.1906940873687155,-0.04865987776312787,0.0679617847505895,-0.31679584874354993,-2.4687164143083464,-0.12857617711198308,-2.8103138371995278,-0.9946609874027542
1,50.0,2,3,30.27543361111052,26.62289854248273,26.976015906359713,34.348145077901215,34.01395352646224,36.74951465449184,36.37616770741944,29.35282612845451,58.34332148861301,15.263429994942117,32.83217066382373,1.390606836066208,1.2121985224682639,2.4512942262891273,1.8497448232020632,1.4059015125630712,1.2329902064727813,1.4481430003115543,2.929218587263065,1.5228068004432562,2.052835092048418,1.7495739607127807,-0.39060683606620805,-0.21219852246826396,-1.4512942262891275,-0.8497448232020633,-0.4059015125630712,-0.2329902064727814,-0.44814300031155435,-1.9292185872630652,-0.5228068004432562,-1.0528350920484182,-0.7495739607127809
1,50.0,2,10,38.06380750413892,31.60518915287004,23.123998677205886,24.781199542062975,38.994969347344856,52.719083757526114,37.802779470525195,18.345844881809306,34.6108764945607,15.978214923455678,31.60259637514996,1.878352933765145,1.2970954498463918,2.0673852823943046,1.3477346052786499,1.5543198879970228,1.5320976404103825,1.413178746384365,1.792996581368707,0.8958760571865843,1.801166905942673,1.5580204090574223,-0.878352933765145,-0.29709544984639175,-1.0673852823943049,-0.3477346052786499,-0.5543198879970227,-0.5320976404103824,-0.4131787463843651,-0.792996581368707,0.10412394281341579,-0.801166905942673,-0.5580204090574226
1,50.0,2,20,26.61539999323173,24.75042213296444,11.312437294801624,33.33901397252862,22.240869373497464,31.545002050947005,21.44789700175147,15.050029759020713,45.77269288876117,17.599216404716113,24.967298087222037,1.291789722029935,1.0991066886560046,1.029742323513868,1.7769795680419496,0.9194698916092245,0.9945315290478869,0.8386672474393679,1.450456431052802,1.2357380891132086,2.1578352685352775,1.2794316759039526,-0.2917897220299351,-0.09910668865600451,-0.029742323513868144,-0.7769795680419496,0.08053010839077546,0.005468470952113118,0.16133275256063206,-0.4504564310528021,-0.2357380891132085,-1.1578352685352775,-0.27943167590395246
1,50.0,5,2,38.66342565116934,41.40121729601287,31.77737545698981,45.817207134369376,33.607698411578376,33.727529641178585,26.49319894606002,17.958996219914393,59.340842698610714,28.805536553058836,35.75930280089423,1.9258031955934027,1.8691677373618516,2.6479690755554555,2.4179930645557204,1.349770086158899,1.1092786599553464,1.054972431049017,1.7798259028912131,1.6007839543023918,3.4919711446125183,1.9247535252035817,-0.9258031955934027,-0.8691677373618516,-1.6479690755554557,-1.4179930645557206,-0.3497700861588991,-0.10927865995534639,-0.054972431049016945,-0.7798259028912131,-0.6007839543023918,-2.4919711446125183,-0.9247535252035816
1,50.0,5,3,10.430825650155311,35.98232090549872,30.236715981826162,33.886899128812544,24.676518398521825,44.99465916206014,23.92885453113354,27.950613677545725,52.52377138196735,18.35060407115464,30.296178288867594,0.5227496239339364,1.608219006633615,2.6322265305426655,1.766434893112569,1.006243260145124,1.3234546243115264,0.9303568507860788,2.639405381990113,1.3880892521418946,2.3374888163371272,1.6154668239934646,0.47725037606606363,-0.6082190066336152,-1.6322265305426655,-0.7664348931125691,-0.006243260145124095,-0.32345462431152644,0.06964314921392122,-1.6394053819901129,-0.3880892521418946,-1.3374888163371275,-0.6154668239934651
1,50.0,5,10,26.414117069262467,38.376748635961064,20.37283099933977,25.11552524734901,24.429842099563114,31.683567530396537,36.688839443500356,19.3608198686251,59.326297560117204,20.49770249031954,30.22662909444341,1.3274247918907975,1.729168208926572,1.8553774216384993,1.213465473812396,1.0458617348634944,0.8892312458059626,1.4146764010915442,1.936787883617724,1.5641690279952853,2.755903918264816,1.573206610790709,-0.32742479189079754,-0.7291682089265721,-0.8553774216384993,-0.21346547381239592,-0.04586173486349451,0.11076875419403738,-0.4146764010915443,-0.9367878836177239,-0.5641690279952853,-1.7559039182648164,-0.5732066107907092
1,50.0,5,20,29.060955038908876,26.66423083887264,19.56527240454357,17.092038690012288,27.992910463010826,38.11513169280659,35.12090205763111,10.639562707299586,28.991484630225465,19.952497328648814,25.31949858519598,1.3278900534913731,1.1909521318743759,1.7816279934114871,0.8871873187848983,1.1602094900952487,1.1489642650684164,1.3099379243754599,1.0435118603219695,0.7787889578755558,2.1069152628125534,1.2735985258111338,-0.32789005349137323,-0.1909521318743759,-0.7816279934114871,0.11281268121510168,-0.16020949009524862,-0.14896426506841634,-0.30993792437545997,-0.04351186032196957,0.22121104212444417,-1.1069152628125534,-0.2735985258111338
1,100.0,2,2,29.522276427015225,25.088768681554065,14.63632461244029,35.36143228842545,79.376630679567,33.73230460004714,51.051336067658674,19.809500300626244,43.98841496431611,22.24247956175463,35.480946818340485,1.3816232434067397,1.1424760242119405,1.1314136801525987,1.9260091508577586,3.141532126540915,1.0644642033175369,2.0156706135445437,1.9716872745032408,1.169089791934041,2.7791473445285253,1.772311345299784,-0.38162324340673964,-0.14247602421194058,-0.13141368015259863,-0.9260091508577587,-2.141532126540915,-0.06446420331753691,-1.0156706135445437,-0.9716872745032408,-0.16908979193404114,-1.7791473445285253,-0.772311345299784
1,100.0,2,3,23.089863269290884,27.87389105023497,15.94682572362703,36.714342554268484,29.11129890352636,56.48050530322155,45.218610103547235,23.66894305827975,37.872776616701344,27.939660562619203,32.39167171453168,1.1554633518094763,1.2691347815440532,1.4456085996521564,1.858597773568187,0.9373043130025926,1.7634092143114308,1.6376000411334821,2.3544996516713814,0.8968647515442039,3.023137679355403,1.6341620157592367,-0.15546335180947637,-0.2691347815440531,-0.4456085996521563,-0.8585977735681869,0.06269568699740731,-0.7634092143114308,-0.6376000411334822,-1.3544996516713812,0.10313524845579612,-2.023137679355403,-0.6341620157592367
1,100.0,2,10,24.989949500504718,28.279105479232598,17.54211721402823,32.60568220903363,30.54229120167334,35.42178396124203,27.50585121565466,15.625133044587688,32.66431141064481,15.948236474216529,26.11244617108182,0.9119185360979052,1.2605331388147447,1.5325724749136929,1.779012862602798,1.1540484705562843,0.9938797673823072,1.090435885400629,1.476305140408387,0.8711870739652673,1.5996135927715933,1.2669506942913609,0.08808146390209481,-0.2605331388147447,-0.5325724749136928,-0.7790128626027979,-0.1540484705562844,0.006120232617692811,-0.09043588540062898,-0.47630514040838695,0.12881292603473277,-0.5996135927715934,-0.26695069429136087
1,100.0,2,20,21.905823773980128,27.651407086676617,24.670247865787978,25.161538402969175,25.24983334883422,21.998587213494606,34.06034325317974,24.449767499966786,33.27181217996349,13.602411729819574,25.202177235467232,1.0236882733905581,1.2235061908688483,2.2461634662763283,1.3316684073530156,1.053091556731134,0.6663461313253206,1.3544616948103494,2.3494792506685993,0.8957962011421462,1.636931400991558,1.378113257355786,-0.02368827339055817,-0.22350619086884832,-1.2461634662763283,-0.3316684073530156,-0.05309155673113418,0.3336538686746794,-0.35446169481034934,-1.3494792506685993,0.10420379885785384,-0.636931400991558,-0.3781132573557858
1,100.0,5,2,31.634624446839773,26.30793389194743,30.69009019674415,31.214184508797594,41.70510460556993,45.08271811274684,53.18847388162665,26.741229480558008,43.775439424521124,26.274045808548195,35.66138443578997,1.5944645032313607,1.1642288316595548,2.722009765409463,1.625568300859208,1.7202478116900408,1.120627094995764,2.0764839670456907,2.520880748221941,1.137753560124644,3.3747647296811074,1.9057029312918776,-0.5944645032313607,-0.1642288316595548,-1.7220097654094628,-0.625568300859208,-0.7202478116900409,-0.1206270949957639,-1.0764839670456907,-1.5208807482219406,-0.13775356012464396,-2.3747647296811074,-0.9057029312918774
1,100.0,5,3,36.60549530372571,24.67269834749825,17.97294923131497,33.11188383479642,45.07495511095475,47.229493116455885,39.649680921537126,17.085446454320586,50.07665588869668,13.734998367886657,32.5214256577187,1.7984248092299135,1.1166225834321737,1.5992026202274707,1.8016271323126136,1.7054324476760563,1.5807555906957271,1.5529376854301702,1.7031194510022352,1.3503158312962658,1.8341791054930079,1.6042617256795633,-0.7984248092299137,-0.11662258343217366,-0.5992026202274708,-0.8016271323126136,-0.7054324476760563,-0.5807555906957272,-0.5529376854301701,-0.7031194510022352,-0.35031583129626576,-0.834179105493008,-0.6042617256795635
1,100.0,5,10,25.48491882478299,23.02671635776623,17.482979973088433,26.19042291998091,28.083224178854667,31.038718497471656,40.51248288646226,22.267422956028273,70.23331402510183,13.348523934243978,29.766872455378127,1.2376454919365614,1.0466649501816998,1.269822578889181,1.409108382042178,1.2152645326835514,0.9382253803092944,1.568523691018159,2.2122362848014405,1.848800335053504,1.7302749087477602,1.447656653566333,-0.23764549193656137,-0.04666495018169991,-0.26982257888918104,-0.40910838204217786,-0.21526453268355134,0.06177461969070562,-0.568523691018159,-1.2122362848014405,-0.8488003350535042,-0.7302749087477601,-0.447656653566333
1,100.0,5,20,22.61951897658791,23.896364952290696,12.912877429403663,29.473594045457922,26.449950098476087,40.438417404368494,41.491431057449,18.461405363476104,47.92283627246387,26.743464380049435,29.040985998002316,1.0788057935231141,1.0832463515984025,1.1355707143174112,1.608255851387155,1.1441427463731861,1.0790173817375504,1.5432917543781783,1.8280206906895526,1.2816239441431347,2.8868559863037353,1.4668831214451419,-0.07880579352311404,-0.08324635159840245,-0.13557071431741113,-0.6082558513871551,-0.14414274637318616,-0.07901738173755045,-0.5432917543781784,-0.8280206906895528,-0.28162394414313463,-1.8868559863037353,-0.4668831214451421
5,,2,2,23.02602011245445,20.407200724000123,10.005789746217662,27.172081191143814,23.058379590055797,28.278244574200013,23.802883516607093,18.388961639787297,29.831676752490093,11.794282243327165,21.57655200902835,1.027482042500094,0.9293003096994874,0.8500124425024443,1.4823851681048807,0.884062465452006,0.8499821069160944,0.9409544690570018,1.83907362981875,0.7950667800359018,1.5103272375231453,1.1108646651609804,-0.027482042500093944,0.0706996903005126,0.14998755749755563,-0.48238516810488075,0.11593753454799406,0.1500178930839056,0.05904553094299827,-0.8390736298187501,0.20493321996409822,-0.5103272375231452,-0.11086466516098056
5,,2,3,17.136027741650985,27.605892111865437,10.251323082086392,29.128965696400385,28.000946712992103,27.842455862028494,23.678039071216524,13.235146732891346,33.99483895979304,12.470023582217834,22.334365955314254,0.8195103683737262,1.2565164054775662,0.9317400634030267,1.5713349558546088,1.1255908383111475,0.795059935303834,0.9395542569071829,1.3125013328926178,0.8968459737959356,1.3640941189291125,1.1012748249248758,0.18048963162627388,-0.2565164054775661,0.06825993659697328,-0.5713349558546089,-0.1255908383111476,0.204940064696166,0.060445743092817146,-0.3125013328926177,0.10315402620406443,-0.3640941189291124,-0.1012748249248758
5,,2,10,23.777899128615054,23.056288822762436,9.357075136540725,24.37189909209733,22.292693315577562,24.9829777982061,18.404976596753997,13.965571905737344,39.58062199839271,10.48135060839791,21.027135440308115,1.1030142016512618,1.0412216990425789,0.8279321417913674,1.2904608991618787,0.9291956840124566,0.6932256732548381,0.7064231704381123,1.386538495485195,1.0556984344302862,1.285726073122263,1.0319436472390238,-0.10301420165126175,-0.04122169904257887,0.17206785820863257,-0.29046089916187867,0.07080431598754346,0.3067743267451619,0.29357682956188774,-0.38653849548519487,-0.05569843443028631,-0.28572607312226317,-0.0319436472390238
5,,2,20,26.89002490860914,23.727009903488575,9.025618788433064,23.325575780218934,23.803396228533934,29.446689578366342,19.266533965166882,10.847173143153514,38.89993816671833,12.843739622025964,21.807570008471465,1.209839989613177,1.0500037436915752,0.8216246182465831,1.257076421753766,0.939968932124967,0.8466893905358771,0.7482412762025307,1.0797561069010875,1.0446240168151584,1.5162150284648606,1.051403952434958,-0.20983998961317715,-0.05000374369157532,0.17837538175341694,-0.257076421753766,0.06003106787503296,0.15331060946412287,0.25175872379746933,-0.0797561069010875,-0.044624016815158325,-0.5162150284648606,-0.05140395243495828
5,,5,2,21.66775221430834,22.98218145784356,11.240738046919157,25.259998687768512,25.121116417738236,35.90088746782865,18.059395916301728,16.61771349212237,42.37328358849673,8.887415855641024,22.81104831449683,1.0702387053498597,1.010487869931181,0.9311173346014546,1.3643692968528318,1.0435487737008065,1.0714394992481893,0.7192009663059673,1.6482535971947847,1.1395371500551714,1.080743791786989,1.1078936985027235,-0.07023870534985958,-0.010487869931181016,0.0688826653985454,-0.3643692968528318,-0.0435487737008065,-0.07143949924818921,0.2807990336940327,-0.6482535971947847,-0.13953715005517137,-0.08074379178698905,-0.10789369850272353
5,,5,3,19.394561443632252,26.387638266753616,10.176953313579336,23.589132705946934,23.682519755993333,22.825058960017788,24.27511088756966,15.705895740238997,37.670703824949484,13.468790155200184,21.71763650538816,0.9593356868211992,1.1986497779242415,0.8852769885400704,1.2808257692886267,0.913886241550183,0.6828355821817446,0.962713509685271,1.5325286957845057,0.9830991816692412,1.6585597852258869,1.105771121867097,0.04066431317880086,-0.19864977792424146,0.11472301145992964,-0.28082576928862674,0.08611375844981689,0.3171644178182554,0.03728649031472895,-0.5325286957845056,0.016900818330758845,-0.658559785225887,-0.105771121867097
5,,5,10,21.895089445894207,23.613554702067503,11.120942587356703,19.712310386476776,23.353555825049817,29.277435324797164,18.38898705741663,10.434626670215279,36.5022726419136,8.682104305484337,20.2980878946672,0.9844081982488686,1.062435750934521,0.9325904452013607,1.0601777351721122,0.9451793179524682,0.8395163645170998,0.701801388467155,1.0066771731422546,0.966804689305601,1.0429074149938982,0.954249847793534,0.015591801751131406,-0.06243575093452104,0.06740955479863932,-0.06017773517211213,0.05482068204753176,0.16048363548290026,0.298198611532845,-0.006677173142254619,0.03319531069439894,-0.042907414993898184,0.045750152206466076
5,,5,20,20.83438825074558,21.162587232661703,9.703751038758924,25.31967420944201,20.73228506274163,28.695399378632057,19.769154216918086,11.078081124123592,41.412975991214516,10.561420684089741,20.926971718932784,1.0025224547253848,0.9458981391618111,0.8533956549679698,1.3291051845948734,0.8525204087763734,0.8506515642212972,0.7696702724632309,1.1051140871924134,1.1053255093191778,1.2059307665328678,1.00201340419554,-0.0025224547253848823,0.0541018608381889,0.14660434503203026,-0.3291051845948733,0.14747959122362664,0.1493484357787028,0.23032972753676906,-0.10511408719241354,-0.10532550931917789,-0.20593076653286785,-0.002013404195539981
5,1.0,2,2,20.192112490362963,22.17461023244626,11.171604975579182,20.444425321654425,21.813259303946385,30.648906841001494,22.098347735205728,11.619288435114601,34.15084473340775,7.881448992074926,20.21948490607937,0.9577820976039086,1.0069513302254274,1.0031077091219727,1.1000292231120024,0.8803110208352998,0.8669612706443364,0.8790341376611104,1.1584222773990778,0.9169043508477066,0.8973447799822882,0.9666848197433131,0.042217902396091335,-0.006951330225427311,-0.0031077091219725646,-0.10002922311200231,0.11968897916470023,0.1330387293556636,0.1209658623388896,-0.15842227739907783,0.08309564915229344,0.10265522001771175,0.033315180256687
5,1.0,2,3,21.012013703387787,20.614172476427466,10.674734219280786,20.113157451103024,23.2372834172991,28.18313102223201,20.883738178456685,11.073770922971446,38.096862963861824,7.433278651094949,20.13221430061151,0.9928638240986974,0.9281809475039539,0.9370091522852104,1.0805708741480144,0.9427969069764206,0.8249616629899074,0.8230547050811309,1.1007654080654163,1.0184968355043245,0.9090739775378004,0.9557774294190878,0.007136175901302551,0.07181905249604613,0.06299084771478956,-0.0805708741480144,0.05720309302357943,0.17503833701009264,0.17694529491886915,-0.10076540806541627,-0.018496835504324436,0.09092602246219957,0.04422257058091238
5,1.0,2,10,26.60290140324541,22.085420715059833,11.626557654167312,18.951692818579797,23.588846514074348,31.15612784057569,21.705941572013103,10.989408141515469,37.985130405151885,8.760608257764291,21.345263532214712,1.2637381925738613,0.9956807085516393,1.0094935487529697,1.0132675953188803,0.9649053840170259,0.8706159188946415,0.8398905053681678,1.0866824198710954,1.0187320050449595,1.0515517966290164,1.0114558075022257,-0.2637381925738614,0.0043192914483607785,-0.009493548752969691,-0.01326759531888039,0.035094615982974114,0.1293840811053585,0.16010949463183224,-0.08668241987109528,-0.01873200504495953,-0.05155179662901645,-0.011455807502225707
5,1.0,2,20,22.81070119904983,22.15288767044857,10.319799488587611,19.88206579882046,23.10703853403045,32.45367452513356,21.7351924753943,10.982359649998383,36.97775570207969,8.39148152167745,20.88129565652203,1.083229584345403,0.9896193446122071,0.9034929342559566,1.074403309831302,0.9199204357632709,0.8919244100316696,0.8317701303620139,1.0984808168897044,0.9886940818796052,1.0428932557620763,0.9824428303733208,-0.08322958434540284,0.010380655387792892,0.09650706574404341,-0.07440330983130188,0.08007956423672913,0.10807558996833042,0.16822986963798617,-0.0984808168897045,0.011305918120394874,-0.042893255762076254,0.017557169626679144
5,1.0,5,2,20.305051371921145,20.983269317551727,12.207792261249637,22.486271241503093,27.223262925367326,31.035624014287368,20.5291375870587,10.855180331023579,36.4281106722621,8.509855824812204,21.05635555470369,0.9902654656246205,0.9500145878261369,1.0921621157486343,1.1946426181179077,1.0641679224636644,0.8683124886592172,0.8049798966648876,1.0790766259622104,0.9750014382631442,0.9048213157961532,0.9923444475126576,0.0097345343753795,0.04998541217386311,-0.09216211574863425,-0.1946426181179078,-0.06416792246366451,0.13168751134078285,0.19502010333511238,-0.07907662596221035,0.024998561736855798,0.09517868420384681,0.007655552487342357
5,1.0,5,3,19.630665514656844,21.300273122665928,12.16993747531416,19.864066049766873,25.253837331685556,30.964362339421356,19.184352599760967,11.736780391803338,38.044566862527276,8.018173287635111,20.616701497523742,0.9455275420848808,0.964917019103635,1.084528745178422,1.0694889465962287,1.0075703072524804,0.8609293790374627,0.7480329545212993,1.1634200385413866,1.0223242827865093,0.9644706456660972,0.9831209860768402,0.05447245791511927,0.03508298089636497,-0.08452874517842204,-0.06948894659622883,-0.007570307252480486,0.13907062096253725,0.25196704547870075,-0.16342003854138654,-0.02232428278650923,0.035529354333902786,0.01687901392315979
5,1.0,5,10,25.80412646916007,22.279110659152625,10.815882207010548,18.851417954301986,23.424803694809235,31.719415974400558,21.11472685736391,10.446334030436724,37.026577491887565,8.761213224454504,21.024360856297772,1.2366814804200104,0.9950067582786004,0.9505545782941497,1.0134954169965387,0.9397237125939328,0.8789460664367754,0.8155568149458428,1.0446500989886816,0.990202065213123,1.0825278617775442,0.99473448539452,-0.23668148042001044,0.004993241721399636,0.04944542170585035,-0.013495416996538565,0.060276287406067136,0.12105393356322457,0.1844431850541572,-0.0446500989886815,0.009797934786876948,-0.08252786177754427,0.005265514605480105
5,1.0,5,20,26.031909370757376,22.521932249775734,10.202398530009264,20.786797395222543,23.343285137959022,32.0924591904688,21.203064567584132,11.073363286403323,38.07273374183979,8.660792911337706,21.39887363813577,1.2415527720990676,1.0125644157667038,0.9050821330218868,1.1041855170775376,0.9168810107925296,0.8951932962467158,0.8088435418072655,1.0668712159898168,1.0220509737239079,1.095314676881497,1.0068539553406928,-0.24155277209906767,-0.012564415766703845,0.09491786697811326,-0.10418551707753768,0.08311898920747038,0.10480670375328413,0.19115645819273458,-0.06687121598981674,-0.022050973723907918,-0.0953146768814969,-0.006853955340692841
5,50.0,2,2,23.260044692812933,23.85037149745235,10.051892515125353,26.048861200165213,29.342290838048193,24.896696714503186,17.324029463915572,15.585855832178204,41.34936402895861,10.64456600719765,22.235397279035727,1.1388088832654257,1.0855631312412486,0.9084563446953461,1.388576740717805,1.2440037484500386,0.7328872224760059,0.6861060042194521,1.540082396894072,1.076940798649659,1.3128858996998818,1.1114311170308935,-0.1388088832654257,-0.0855631312412486,0.09154365530465393,-0.3885767407178048,-0.24400374845003855,0.26711277752399404,0.3138939957805479,-0.540082396894072,-0.07694079864965897,-0.3128858996998818,-0.11143111703089345
5,50.0,2,3,22.38962980999383,21.000611859806856,11.39491263517851,23.745007164301814,26.198644570567122,31.154244259726322,27.797435988527177,17.12721816902657,36.4789796405844,11.66816074866461,22.895484484637723,1.0411880660252797,0.9461945092015126,1.0267296647797248,1.2958237799748533,1.072302820510123,0.8607965669645313,1.105891896780318,1.7124173144028465,0.9315752949527946,1.3424673889748682,1.1335387302566853,-0.041188066025279774,0.053805490798487364,-0.026729664779724896,-0.2958237799748533,-0.07230282051012295,0.13920343303546864,-0.105891896780318,-0.7124173144028466,0.0684247050472054,-0.3424673889748683,-0.13353873025668522
5,50.0,2,10,19.89251556971749,24.235941419556145,10.991264349753218,23.7794238442443,21.32857850061152,29.201688506833825,20.749242979222114,15.226177596369478,38.44822312753506,10.695425359517342,21.45484812533605,0.9491264238518029,1.0883181223644933,0.9652885277177484,1.2777680586883184,0.883702453868584,0.8774398838713848,0.8126359062036509,1.52198797618975,1.0313352910510494,1.316208675014957,1.072381131882174,0.05087357614819706,-0.08831812236449328,0.034711472282251535,-0.2777680586883184,0.11629754613141594,0.12256011612861516,0.18736409379634908,-0.5219879761897499,-0.03133529105104946,-0.31620867501495703,-0.07238113188217392
5,50.0,2,20,25.87794394534853,20.52968548770785,11.739117454761775,24.521236584461363,26.485294997545225,29.576979310228726,21.2306414761799,15.341613161392884,37.29592236355309,9.06332823603138,22.16617630172107,1.223309936133743,0.9273923516364612,1.0337700046015852,1.3249098531970696,1.0747947338824761,0.8583683380844441,0.8147798488333273,1.5327564573536159,0.9826520841035111,1.12532662816142,1.0898060235987654,-0.22330993613374303,0.07260764836353883,-0.03377000460158528,-0.3249098531970695,-0.07479473388247615,0.14163166191555587,0.1852201511666727,-0.5327564573536159,0.017347915896488906,-0.12532662816141998,-0.08980602359876536
5,50.0,5,2,21.09623397932392,23.06959311398572,9.421879757020184,23.60665944624646,21.60163489646069,26.143677318360467,18.863598781380908,15.54121174683439,35.75411698498322,10.887377125245305,20.59859831498413,1.0306049523708225,0.9925025794138751,0.8511209702040313,1.2849374006740146,0.8703163615460707,0.8150090244088909,0.7510377721255486,1.551786290251724,0.9426751357064711,1.2786188316544609,1.036860931835591,-0.030604952370822537,0.007497420586124895,0.14887902979596868,-0.28493740067401463,0.1296836384539293,0.18499097559110908,0.24896222787445144,-0.5517862902517241,0.05732486429352891,-0.27861883165446094,-0.03686093183559099
5,50.0,5,3,31.760292687872834,22.413163266658614,12.24531309992947,22.425060783608522,23.055092377870128,26.317510308373794,17.545334800549387,17.356574879979338,41.36622881474553,10.89627756410026,22.53808485836879,1.5558697199125084,1.0051937968510405,0.9421742330261451,1.2057680307522671,0.9539623631126629,0.8050678123237426,0.6923497424287339,1.710973189790752,1.10800592713609,1.2783607921275182,1.125772560746146,-0.5558697199125084,-0.0051937968510405545,0.057825766973854865,-0.20576803075226702,0.04603763688733712,0.19493218767625742,0.30765025757126613,-0.7109731897907521,-0.10800592713609011,-0.27836079212751813,-0.1257725607461461
5,50.0,5,10,19.83396095304174,22.845518708647397,8.278970506576016,21.826162729618506,23.74864158331769,29.216204787907404,21.89876149526244,12.941547934983392,43.61292330921614,10.427614177610415,21.463030618618113,0.9718119147715047,1.0249093792212196,0.7328401658499432,1.1753972592338104,0.9787933738642336,0.8458453215645392,0.7972602395244599,1.2923137494006094,1.1479628566600786,1.1593353460537752,1.0126469606144173,0.02818808522849528,-0.02490937922121968,0.26715983415005684,-0.1753972592338105,0.021206626135766432,0.15415467843546082,0.20273976047554007,-0.29231374940060945,-0.14796285666007852,-0.15933534605377522,-0.012646960614417394
5,50.0,5,20,21.11459918339272,18.686632420302384,8.412885754302204,22.132351400231645,23.621338471737207,28.954625591487424,18.87620401523982,11.427248479746563,40.03466696513237,11.669737389528114,20.493028967110046,0.9934944107105543,0.8487291083850599,0.7539302159555266,1.1897043793218414,0.9759265994753271,0.8144217186603518,0.736225411751605,1.1079471129306135,1.0454408839444134,1.3686648515653181,0.9834484692700611,0.006505589289445703,0.15127089161494015,0.2460697840444734,-0.1897043793218413,0.024073400524672845,0.1855782813396481,0.26377458824839495,-0.10794711293061351,-0.0454408839444134,-0.36866485156531825,0.016551530729938868
5,100.0,2,2,21.14940083898104,19.876848814222036,11.391822769660576,26.004447270815337,21.925994032989465,33.74709061749871,22.129358246001196,11.501187929069497,42.13254591886675,10.194332632716154,22.00530290708208,0.9756627920322424,0.8891766297959578,1.0129866265816185,1.4154088876533368,0.9031103349917099,1.009162896347593,0.8744066434987613,1.147420011307744,1.0967382108917623,1.1339656606879571,1.0458038693788683,0.024337207967757638,0.1108233702040422,-0.012986626581618517,-0.4154088876533368,0.0968896650082901,-0.009162896347592939,0.1255933565012387,-0.1474200113077439,-0.09673821089176224,-0.13396566068795715,-0.04580386937886829
5,100.0,2,3,18.705118746433094,27.209731704970388,11.645703534547835,24.450683714768214,27.335505801970303,27.277891544451425,27.885424435987265,12.733688349570311,35.51742369620166,10.952580137842956,22.371375166674344,0.8935985723982521,1.2244053001722999,1.0291345881853704,1.2814506635149758,1.0757195924334202,0.733889442919144,1.1105939896406396,1.273380879631173,0.9531505629002898,1.3470302356418207,1.0922353827437385,0.10640142760174781,-0.22440530017229982,-0.029134588185370392,-0.28145066351497594,-0.07571959243342022,0.26611055708085596,-0.1105939896406397,-0.2733808796311729,0.04684943709971027,-0.3470302356418206,-0.09223538274373858
5,100.0,2,10,23.791309653111366,21.742561929375317,9.700191498954343,21.854573377245426,24.164450956092633,28.851219066583248,18.658034955190466,11.562886423954644,35.40665446955325,9.364795883054661,20.50966782131153,1.1066721921592206,0.9879446273194892,0.8462497993725464,1.1900618605597548,0.9546122955672367,0.8161573660176189,0.724472724554574,1.1308593299677472,0.9323441786657739,0.9532089074636675,0.9642583281647628,-0.10667219215922054,0.012055372680510802,0.1537502006274536,-0.19006186055975488,0.04538770443276325,0.18384263398238107,0.27552727544542593,-0.13085932996774727,0.06765582133422605,0.04679109253633252,0.035741671835237056
5,100.0,2,20,27.83333187288958,22.420472544351465,9.808683065074861,20.44049889360396,21.166745263117285,29.52321643381027,16.52149555818085,12.341393516672714,42.18628763767769,12.45415491249606,21.46962796978747,1.2261543672687445,0.9793385356075386,0.8461844532678523,1.1023023176850755,0.8822414282933214,0.8583820920581025,0.6424766612959748,1.2267558118276016,1.11656540665352,1.3815661393393737,1.0261967213297105,-0.22615436726874455,0.02066146439246143,0.1538155467321477,-0.10230231768507538,0.11775857170667856,0.14161790794189752,0.35752333870402525,-0.22675581182760157,-0.11656540665351994,-0.3815661393393737,-0.02619672132971047
5,100.0,5,2,25.04926040214196,21.15690474995878,12.640638472744628,21.30460516515132,21.548193393911337,29.679657109653338,17.445994549163547,16.789729380307204,31.166659705826376,14.091392471324195,21.08730354001827,1.1603244914318227,0.9602303667017018,1.1301918909853432,1.1618889930956873,0.8778222308865951,0.9065494674465593,0.6643226063372357,1.6650932025594325,0.8026357605573134,1.708123667163809,1.10371826771655,-0.16032449143182279,0.03976963329829822,-0.1301918909853432,-0.1618889930956873,0.12217776911340497,0.09345053255344067,0.3356773936627642,-0.6650932025594326,0.19736423944268652,-0.7081236671638089,-0.10371826771655002
5,100.0,5,3,21.022481794769615,20.780338204361573,11.680085031021024,22.452443660576915,25.723221214846276,27.848448633648097,21.65382677207664,10.750198171486035,37.039837299602155,10.870629855046056,20.982151063743437,1.0533024389836816,0.9463228779814201,1.044342249755212,1.197872541390596,1.086938731525674,0.858036068759456,0.8556959298987791,1.074988389694975,0.9907014899440272,1.3225200215935744,1.0430720739527397,-0.0533024389836815,0.0536771220185799,-0.04434224975521204,-0.197872541390596,-0.08693873152567394,0.14196393124054393,0.14430407010122098,-0.07498838969497501,0.00929851005597282,-0.32252002159357446,-0.04307207395273953
5,100.0,5,10,21.542412244663424,22.105585137254668,11.226893019573613,21.355474554663452,27.086558886606426,30.22195991333968,20.536062632980695,13.550308674932383,40.76113395676881,7.7329433442633375,21.611933236504647,1.0274079184257854,0.9687232166521677,0.9597705638303191,1.1622994732304375,1.1270039011580575,0.8791796706182288,0.7902756656801935,1.3554990403982985,1.0865357999873686,0.9128183698130663,1.0269513619793922,-0.027407918425785438,0.03127678334783237,0.040229436169680895,-0.16229947323043753,-0.12700390115805746,0.12082032938177126,0.20972433431980653,-0.3554990403982986,-0.08653579998736856,0.08718163018693367,-0.026951361979392286
5,100.0,5,20,26.68631291593427,20.840813549037286,11.66646638878915,20.542790966164013,21.17674893868668,33.29205164483104,21.954138288777074,11.316022261849012,39.42656931786845,9.636779410892029,21.6538693682829,1.2690033787689505,0.9002239126811884,0.999900288244627,1.0851018966892265,0.8640897467198642,0.9308685543855071,0.8200312870707882,1.0768388261183757,1.053602081584559,1.111855644637546,1.011151561690063,-0.26900337876895053,0.09977608731881163,9.971175537301431e-05,-0.08510189668922655,0.13591025328013587,0.0691314456144929,0.1799687129292118,-0.0768388261183757,-0.05360208158455913,-0.11185564463754602,-0.011151561690063268
100,,2,2,20.061052217420084,21.513265595463658,9.06674107206064,21.585867169648687,24.01736868922757,26.5686780628685,17.964924212482167,12.49875373104313,34.2748124344341,9.57044680568149,19.712190999033,0.9474954039913853,0.9730476653053609,0.8056308935964387,1.1727550002395095,0.9902579469453484,0.8012899315544785,0.7155343850780035,1.245558123257516,0.9140748236042385,1.087908278827089,0.9653552452399368,0.05250459600861472,0.026952334694639042,0.1943691064035613,-0.17275500023950954,0.009742053054651548,0.1987100684455215,0.2844656149219965,-0.2455581232575159,0.0859251763957615,-0.08790827882708901,0.03464475476006317
100,,2,3,19.421698157361238,21.939049230767196,9.777887998263116,21.5306759056208,23.730399945247598,26.39949563754987,16.955199540701976,13.228223644434129,35.74696598729854,8.867214456583417,19.759681050382788,0.9368728682028985,0.9974667062392656,0.8558433003029073,1.1669864214297707,0.9497601989648005,0.7558419063275006,0.6749066522281891,1.3189990109925345,0.9442487385858488,1.0221685788010875,0.9623094382074802,0.06312713179710147,0.0025332937607344,0.1441566996970926,-0.1669864214297706,0.05023980103519948,0.2441580936724994,0.32509334777181087,-0.3189990109925345,0.055751261414151175,-0.02216857880108736,0.037690561792519686
100,,2,10,22.84470672236566,21.10834239768777,8.998978714651928,21.795949733581725,22.18804536500326,27.73655177697968,18.464500647928613,11.113412559578041,37.27237168198893,9.857959613460553,20.13808192132262,1.0731629699180247,0.9513929382310619,0.7723014435732862,1.169476584873167,0.9029105396496416,0.7909075709026724,0.7191082141957955,1.109677288746913,0.9873869571088311,1.1229769359221686,0.9599301443121562,-0.07316296991802479,0.04860706176893816,0.2276985564267138,-0.16947658487316689,0.0970894603503584,0.2090924290973276,0.28089178580420443,-0.10967728874691297,0.012613042891168887,-0.12297693592216855,0.04006985568784381
100,,2,20,25.00877108195719,20.930837689170524,9.54788701948684,22.58687337728043,21.961032178173088,28.046613829320094,19.24220731254101,11.617265289707113,38.673987862406804,9.4526082261007,20.706808386614377,1.1601904272954804,0.9347162896133192,0.8440991546844784,1.1959155347124617,0.8951257406707316,0.7906192500211803,0.7468153978216708,1.1548273963840723,1.0208168719422532,1.1340545928368013,0.9877180655982448,-0.16019042729548044,0.06528371038668077,0.15590084531552162,-0.1959155347124616,0.10487425932926843,0.2093807499788197,0.25318460217832917,-0.1548273963840722,-0.020816871942253148,-0.13405459283680138,0.012281934401755096
100,,5,2,19.286356900243263,21.926195676263465,8.673671874753662,22.05649234381849,25.23049965889209,26.85534513299354,19.023445531526953,12.94095214085896,34.151629486506216,8.48961990259082,19.863420864844745,0.9335736433127333,0.9938003891489756,0.7555656710314381,1.1977192662746607,1.031406771538344,0.782253785452745,0.7575189401375703,1.2928125716540242,0.9162748853720891,0.95018784928879,0.961111377321137,0.06642635668726675,0.0061996108510243364,0.24443432896856185,-0.19771926627466085,-0.031406771538343876,0.217746214547255,0.2424810598624298,-0.2928125716540242,0.08372511462791092,0.04981215071120999,0.03888862267886297
100,,5,3,18.968404649919567,21.35673093752775,8.886786321366914,21.037191189513614,23.112493745650017,27.193735005550682,19.215890491442273,12.39008882366705,34.79648635780895,8.155434786407277,19.511324230885414,0.9060540513513916,0.9701103817114316,0.7837671623760899,1.140750637030994,0.9330175417356775,0.7851067925323109,0.7590153524639491,1.2369257393981188,0.9233313818052512,0.9295482600070677,0.9367627300412282,0.09394594864860836,0.02988961828856836,0.21623283762391005,-0.14075063703099422,0.0669824582643225,0.21489320746768908,0.24098464753605087,-0.23692573939811887,0.07666861819474885,0.07045173999293232,0.06323726995877173
100,,5,10,22.22730483323413,20.416175527716934,9.848163524087814,22.31488476385587,22.140970870047553,27.745878589851763,17.800067412647653,10.58501131520808,38.97648371409048,10.108138405169274,20.216307895590955,1.0511083365672937,0.9204259667053293,0.8526194529022291,1.1903557824923414,0.9052225851859382,0.7913814374268154,0.6861800072571137,1.049346845893274,1.0339403444073283,1.171077895588949,0.9651658654426614,-0.05110833656729366,0.07957403329467076,0.14738054709777096,-0.1903557824923413,0.09477741481406175,0.20861856257318454,0.31381999274288624,-0.04934684589327397,-0.033940344407328335,-0.17107789558894898,0.034834134557338796
100,,5,20,24.408364745974854,21.368439870030095,9.452188877553272,22.300896103762742,22.422052381572946,28.692672650338007,19.151907396082148,12.05261532408248,38.91318577006218,9.229166592369218,20.79914897118279,1.1578208913306636,0.9643647508837819,0.8136623898117983,1.1811322723160718,0.9172868872910214,0.8123504542815294,0.7328458224916584,1.1863615181565952,1.023635763742831,1.1001944746277,0.9889655224933651,-0.15782089133066346,0.03563524911621807,0.1863376101882017,-0.18113227231607168,0.08271311270897866,0.18764954571847062,0.26715417750834153,-0.18636151815659524,-0.02363576374283097,-0.10019447462769983,0.01103447750663494
100,1.0,2,2,19.537635598425126,21.283332611591057,11.118385555956685,20.49760434901337,23.766919668537028,28.97908451322278,19.48376545562431,11.524840452801657,36.107942303893225,7.787294317775804,20.008680482684106,0.9448068588383917,0.9632755048676911,0.9876258380213914,1.10076354909899,0.9390904658717203,0.8242611565939619,0.7652458466067757,1.148504099182198,0.9649330951327623,0.92207827016489,0.9560584684378772,0.05519314116160838,0.0367244951323089,0.012374161978608673,-0.10076354909899009,0.060909534128279735,0.17573884340603804,0.23475415339322428,-0.148504099182198,0.03506690486723773,0.07792172983511009,0.04394153156212278
100,1.0,2,3,20.583964899474434,21.134174782747657,10.973442980282622,19.760097099418523,23.404710183213993,30.036067781514767,20.568351959727156,11.22711754869462,37.32016376618101,8.223752239119328,20.323184324037413,0.9890954356824027,0.9541810476889194,0.9705678840050004,1.0621210366521718,0.9341294718314449,0.8520770310932799,0.7944917385326616,1.1177134674160596,0.9987576925168156,0.9752005642051431,0.9648335369623897,0.01090456431759732,0.04581895231108062,0.029432115994999588,-0.06212103665217187,0.06587052816855513,0.14792296890672008,0.20550826146733836,-0.11771346741605963,0.0012423074831844115,0.0247994357948569,0.03516646303761009
100,1.0,2,10,24.992297948625318,21.78794902462044,10.95184859899551,20.081490610184407,23.34948434224496,30.739488771313102,21.812964524008294,10.778854638360277,37.27659245592603,8.573727424250064,21.034469833852835,1.1927212843104653,0.9826863974033343,0.9584747801103509,1.0807953969526378,0.9249267687806717,0.8666876294304423,0.8301492293533109,1.0693866368654592,0.9977264482493969,1.025532334551863,0.9929086906007933,-0.19272128431046526,0.017313602596665756,0.04152521988964911,-0.08079539695263788,0.07507323121932834,0.13331237056955775,0.16985077064668908,-0.06938663686545929,0.002273551750603106,-0.02553233455186298,0.0070913093992067714
100,1.0,2,20,26.225252348971658,21.70415068613539,10.943721633451144,20.176241201784862,23.681078800987372,31.24949563807494,21.89726503647426,10.826026036853648,37.49384734823435,8.55411031187618,21.275118904284376,1.2535043129866696,0.982287232386416,0.9539229800289993,1.08428466782261,0.9298714787797537,0.87318468417529,0.8290016700430073,1.0725600436475333,1.006595017760196,1.033320867126948,1.0018532954757424,-0.2535043129866697,0.017712767613584007,0.04607701997100068,-0.08428466782260982,0.07012852122024624,0.12681531582470995,0.17099832995699274,-0.07256004364753339,-0.006595017760196098,-0.03332086712694808,-0.0018532954757423479
100,1.0,5,2,19.353029294945404,21.303032483057095,11.164295994215362,20.253433211698795,23.47716482767582,29.56826753180794,19.16432574038151,11.512045042912966,36.343038479716704,7.643658308364992,19.978229091477658,0.9327312002749991,0.963761162112493,0.9961910462057811,1.0912548622774507,0.9298340653931975,0.8389481621530815,0.7536097386664455,1.143795561308149,0.9716042349490255,0.9131235786763903,0.9534853612017014,0.06726879972500084,0.036238837887507036,0.0038089537942188304,-0.09125486227745067,0.0701659346068025,0.16105183784691848,0.24639026133355446,-0.14379556130814886,0.028395765050974527,0.08687642132360976,0.04651463879829869
100,1.0,5,3,20.519759396398097,21.238563012399894,10.840524391637091,19.60923753970679,23.39174664784453,30.123206673780942,20.165701225892626,11.221818098602894,37.037935140732436,8.205938856396632,20.235443098339196,0.9846060418625462,0.9604140617434608,0.9610159804886718,1.0533904265684426,0.9276555029627992,0.8566542375290022,0.778291895902312,1.1172219761929076,0.9907749933916051,0.9684780162262481,0.9598503132867995,0.015393958137453794,0.039585938256539256,0.03898401951132824,-0.053390426568442687,0.07234449703720085,0.1433457624709978,0.22170810409768807,-0.11722197619290761,0.009225006608394907,0.03152198377375192,0.040149686713200454
100,1.0,5,10,23.74635145274743,21.80967991111924,10.716196455117814,20.54204273839622,23.44251354286069,30.844976674585965,21.716986676119777,10.78798203143003,37.058939433617894,8.555366450755134,20.922103536675017,1.138043406996588,0.9826736484336597,0.9410236988401824,1.101421613492109,0.9272794561224721,0.8596666599512922,0.8298055318916346,1.069478429621916,0.993629294260389,1.0225246017256597,0.9865546341335902,-0.13804340699658796,0.017326351566340364,0.058976301159817585,-0.10142161349210901,0.07272054387752794,0.14033334004870782,0.17019446810836536,-0.06947842962191605,0.006370705739610938,-0.02252460172565972,0.013445365866409728
100,1.0,5,20,26.186371510415068,21.635964710166224,10.804266090683694,20.463230810456032,23.732689029639587,31.295820837045202,21.820923441039056,10.72232956251686,37.21363935409026,8.475270062420318,21.23505054084723,1.2536672236080155,0.9768241010524052,0.9327450837180974,1.0993948218435812,0.931497276023099,0.8700382433645859,0.8258394654403942,1.0607385266111782,0.9987060183787224,1.0371413551551993,0.9986592115195279,-0.25366722360801547,0.023175898947594763,0.06725491628190262,-0.09939482184358107,0.06850272397690105,0.12996175663541404,0.17416053455960578,-0.060738526611178206,0.0012939816212775668,-0.03714135515519937,0.0013407884804721667
100,50.0,2,2,18.15201500880813,20.972280482446937,9.819195507647997,22.1470309009461,24.821625777285096,25.000334193496577,17.70596543677266,13.91465349960701,35.9782001117756,8.769694393465647,19.728099531225176,0.8787916695032914,0.9528606309013186,0.8762577599801712,1.2024573069482858,0.9987083316332591,0.719644018224034,0.7051884935577742,1.3902861089202057,0.9582696083378398,1.0035091657586657,0.9685973093764847,0.12120833049670866,0.04713936909868149,0.12374224001982877,-0.2024573069482857,0.0012916683667409245,0.28035598177596605,0.2948115064422257,-0.39028610892020554,0.041730391662160186,-0.0035091657586657503,0.03140269062351548
100,50.0,2,3,19.153487288859473,21.27675043644194,9.864441374563146,21.102922027939364,23.59325100054516,25.84661631524135,19.189255386246142,13.482094990411403,35.49621711961934,7.933029674470326,19.693806561433767,0.9188062994977608,0.9665802121346632,0.8838235621410332,1.143917875830738,0.9621726704566276,0.7515196131235595,0.7608134853001819,1.3475950412687598,0.9466759612636039,0.9054869403699759,0.9587391661386905,0.08119370050223916,0.03341978786533685,0.1161764378589668,-0.14391787583073792,0.03782732954337243,0.2484803868764405,0.23918651469981808,-0.34759504126875995,0.053324038736396115,0.09451305963002408,0.04126083386130962
100,50.0,2,10,22.185358121328722,21.12450542231585,9.276224924505735,21.967986649626216,22.943329574420872,28.15201149589243,18.973751726246146,11.036186111692835,39.445901663604396,9.941715586390146,20.504697127602334,1.0440430640546525,0.948099470271626,0.8141259773630072,1.169201267696638,0.9415647799786486,0.8157118019254347,0.7302294202976167,1.1007408050985066,1.043773583385729,1.1577337906292147,0.9765223960701073,-0.04404306405465254,0.05190052972837396,0.18587402263699282,-0.16920126769663793,0.05843522002135139,0.18428819807456537,0.2697705797023833,-0.10074080509850661,-0.043773583385728974,-0.15773379062921458,0.023477603929892614
100,50.0,2,20,24.570953579139346,20.32793188010194,9.201074766975971,21.865221661227267,22.331758719231818,28.21488272799959,19.145828848508906,11.900274567826612,38.7412493177047,9.619225636149684,20.591840170486584,1.1378767294542165,0.9161789169083169,0.8053036100468294,1.1606230494820848,0.9086365691038565,0.8020948204284052,0.74663137421251,1.175311124689708,1.0151859484567376,1.1468337543763667,0.9814675897159033,-0.1378767294542164,0.08382108309168312,0.19469638995317057,-0.16062304948208486,0.0913634308961435,0.19790517957159479,0.2533686257874899,-0.17531112468970808,-0.015185948456737562,-0.1468337543763668,0.018532410284096818
100,50.0,5,2,19.817944515849927,21.72676015097519,9.601982835466801,20.931031080177508,23.43420745828303,25.203795920100593,18.277700034345028,13.669180341287014,35.92384874565217,9.471410416476227,19.80578614986135,0.9546868079366013,0.9843197620884141,0.8518475645827474,1.1369003697557851,0.9424815678855488,0.7296005920122485,0.7277158853161158,1.366851704329279,0.9589324224832411,1.0738067059824494,0.9727143382372428,0.04531319206339869,0.015680237911585893,0.14815243541725268,-0.13690036975578518,0.05751843211445119,0.2703994079877515,0.2722841146838842,-0.3668517043292789,0.04106757751675897,-0.07380670598244948,0.027285661762756964
100,50.0,5,3,19.615683487767356,21.55507492659928,9.976122351479953,22.391201238163664,24.22810861753657,26.305526152627262,18.695080967660086,12.204913851492957,35.44395586310541,8.578616786799765,19.899428424323226,0.9320476776462949,0.9762808082197365,0.8955518189580288,1.2176468782637089,0.9831968999184331,0.7473894031913543,0.7434893874997728,1.2207472955277239,0.9472772586356779,0.9577253441062101,0.9621352771966942,0.06795232235370509,0.023719191780263455,0.10444818104197119,-0.21764687826370893,0.016803100081566893,0.2526105968086457,0.2565106125002272,-0.22074729552772387,0.052722741364322055,0.04227465589378988,0.03786472280330587
100,50.0,5,10,22.567790138807887,20.258806436899196,9.203399241466034,22.006792238806156,22.44456297758766,28.005697857573054,17.874249979621023,10.58918282907952,39.15692251505744,10.411865290744444,20.25192695056424,1.0616712990809467,0.9138803897294923,0.8040118492671399,1.184339099367643,0.9186214913782788,0.7886379597593222,0.6947100583473864,1.0572543746337926,1.0420739075066818,1.1765771387928097,0.9641777567863494,-0.06167129908094667,0.08611961027050777,0.19598815073286013,-0.18433909936764298,0.08137850862172129,0.21136204024067787,0.3052899416526136,-0.05725437463379251,-0.04207390750668181,-0.17657713879280978,0.035822243213650684
100,50.0,5,20,25.375628138956756,21.25878468936282,9.408143207885894,22.47181832499566,22.374077004504272,28.602854792606966,18.64123141399059,12.287870068721553,38.29373119223977,9.602245420055894,20.831638425332017,1.1822645312638624,0.9639160621057357,0.8026722646912724,1.1932155042530896,0.908952943553487,0.8057168089391138,0.7205645892043651,1.214909299091865,1.017923796329485,1.1345268108681559,0.9944662610300432,-0.18226453126386244,0.036083937894264374,0.19732773530872758,-0.19321550425308964,0.09104705644651297,0.1942831910608862,0.27943541079563494,-0.21490929909186518,-0.017923796329485008,-0.134526810868156,0.005533738969956778
100,100.0,2,2,19.542545173861644,22.482131902868105,10.034629472500226,21.203206037149904,24.208064054326705,26.94557791932074,19.445048989137913,12.736888758446062,36.194020500331696,9.254807833882404,20.20469206418254,0.928079251777678,1.0164388875656245,0.8900898692523931,1.1525396698356105,0.9909477264975968,0.7838530086519524,0.7743915487579137,1.2622424677416582,0.9646513451356487,1.0498895216693507,0.9813123296885425,0.07192074822232192,-0.01643888756562451,0.10991013074760696,-0.1525396698356106,0.009052273502403205,0.21614699134804755,0.2256084512420863,-0.2622424677416581,0.03534865486435137,-0.049889521669350574,0.018687670311457353
100,100.0,2,3,19.550480893144723,21.866226234008266,9.45103202653791,22.59294693121111,24.204342301807124,26.445870309455287,18.699837912036557,12.344271967429794,34.31575654116674,8.354684179180277,19.78254492959778,0.9378147697505582,0.9871596348730397,0.8355017475301686,1.223693114912065,0.9769402933263203,0.7467464371839483,0.7440553233724398,1.2327628404593025,0.912456074286024,0.9478098025878074,0.9544940038281673,0.062185230249441774,0.01284036512696027,0.16449825246983144,-0.2236931149120648,0.02305970667367971,0.2532535628160517,0.2559446766275602,-0.23276284045930248,0.087543925713976,0.05219019741219251,0.04550599617183264
100,100.0,2,10,22.29458451660171,21.00132240366316,9.038389814262292,22.422634604428488,22.23399554669172,28.341663887211475,18.09881384622747,11.836241296726858,38.5433936421487,10.00652333209221,20.381756289005406,1.048426904228777,0.9486200875219536,0.793127560428981,1.2066295564083087,0.9054996532644792,0.8011599653686154,0.6994884972853316,1.1795151378221944,1.0217563588594976,1.142717525976789,0.9746941247164926,-0.048426904228777046,0.05137991247804642,0.20687243957101895,-0.20662955640830877,0.09450034673552074,0.19884003463138455,0.3005115027146685,-0.17951513782219441,-0.021756358859497605,-0.142717525976789,0.025305875283507234
100,100.0,2,20,24.030446206134915,20.733092032342423,9.192632696078016,22.144794415917634,22.3458328781535,28.1702333062866,18.6489645096639,12.085324732906603,38.994658603221424,10.018358577674352,20.636433795837938,1.1225050288290654,0.928098400389743,0.8184127537898638,1.174050776409635,0.9134948488261372,0.8134775089545134,0.7203741532889766,1.2034275998153923,1.029168018842211,1.1597665519130775,0.9882775641058617,-0.12250502882906543,0.07190159961025694,0.18158724621013617,-0.17405077640963498,0.08650515117386282,0.18652249104548663,0.2796258467110234,-0.2034275998153923,-0.029168018842210902,-0.15976655191307748,0.011722435894138489
100,100.0,5,2,19.392073809658363,22.21316451376661,9.672963709466105,21.84202488068672,24.616798090918284,26.27401350816109,18.239302967663697,13.22514981650727,33.262780619270565,8.585754391840663,19.732402630793935,0.9405501875569466,1.00384043571879,0.8567791924173446,1.1831768605784003,0.9944046629320888,0.7731324252430325,0.7262540664667133,1.316457371173253,0.8831630451272511,1.0085004525988184,0.9686258699812639,0.05944981244305335,-0.003840435718789997,0.14322080758265548,-0.18317686057840038,0.0055953370679111495,0.22686757475696753,0.2737459335332867,-0.3164573711732531,0.11683695487274891,-0.008500452598818372,0.031374130018736124
100,100.0,5,3,20.0642725305097,22.33284368171468,9.288694578638543,22.56185060222134,23.562425185854345,27.719511679470436,18.188036217107985,12.414864147578596,33.73901732421796,8.760942941702927,19.863245888901652,0.9530968455650242,1.010602899109174,0.8321010584750517,1.223075457412865,0.9596902618248215,0.7913352326705961,0.7231871180672573,1.241926067097116,0.8972497210804156,1.0061699905747918,0.9638434651877112,0.04690315443497588,-0.010602899109174089,0.16789894152494836,-0.22307545741286505,0.04030973817517847,0.20866476732940384,0.2768128819327426,-0.24192606709711598,0.10275027891958448,-0.006169990574791771,0.03615653481228868
100,100.0,5,10,23.351594388687893,20.898735468228775,9.286473301797336,22.298205917578493,22.643336997004873,28.08138853861861,19.250806429111403,11.049161711540044,38.5878774262455,10.570569617900198,20.60181497967131,1.0979712509355128,0.9399465498006323,0.8055504320382385,1.1967129388406592,0.9227086543614209,0.797206785344582,0.7393015873141192,1.0993354408499754,1.0242429569651836,1.231177082653401,0.9854153679103724,-0.09797125093551291,0.06005345019936775,0.19444956796176144,-0.19671293884065924,0.07729134563857908,0.20279321465541794,0.2606984126858808,-0.09933544084997536,-0.024242956965183637,-0.2311770826534009,0.014584632089627495
100,100.0,5,20,24.79148514902038,20.805766773625045,9.210816358394757,22.080247543704598,21.8931676763768,27.975058815463527,18.491169965095,12.203592342651431,39.05935368562689,9.799917043812824,20.631057535377128,1.1754846306676492,0.9376934283155319,0.7935699029900222,1.1737686064165056,0.892120650901954,0.7901069636975891,0.7213700527977503,1.2125999607192426,1.0322464031563487,1.1526447965388762,0.988160539620147,-0.17548463066764924,0.062306571684468036,0.20643009700997778,-0.17376860641650568,0.10787934909804597,0.2098930363024109,0.27862994720224965,-0.21259996071924261,-0.03224640315634868,-0.15264479653887617,0.011839460379852992
300,,2,2,19.642205752953917,21.551897726117854,9.4507212600088,21.849369612258847,23.660028422664958,26.251188427526685,18.69369022444687,13.53667343492137,36.231276424066635,8.618786544190208,19.948583782915613,0.9384062229958019,0.9758417317362653,0.8385462710057715,1.1865786638871005,0.96852010431355,0.7669204742522326,0.7443652882496584,1.3533224278827876,0.968468064509004,0.9942845065881607,0.9735253755420332,0.0615937770041981,0.024158268263734673,0.16145372899422852,-0.18657866388710045,0.03147989568645003,0.2330795257477673,0.2556347117503416,-0.35332242788278745,0.03153193549099597,0.005715493411839304,0.02647462445796676
300,,2,3,19.031918267030104,21.83441472300373,9.893378895107084,20.824653923795896,23.429524329287332,26.61889862809974,18.063246378095876,13.102846173185155,35.67015568994174,8.629538997499822,19.709857600504648,0.9066725468123643,0.9881874759774335,0.8880476493133167,1.128092155052561,0.9518078387923465,0.7654823097912917,0.7185342937712541,1.3086262115905205,0.9496953847525461,0.9672723283396853,0.957241819419332,0.09332745318763569,0.011812524022566447,0.11195235068668324,-0.12809215505256116,0.048192161207653454,0.2345176902087083,0.28146570622874584,-0.30862621159052056,0.050304615247453936,0.032727671660314595,0.04275818058066798
300,,2,10,22.52112077403986,21.04410026631189,9.218315536493165,22.156266628868817,22.366642618544397,27.812969658320302,18.6444712415125,11.282779158966646,39.23494522091608,10.531784464258813,20.481339556823247,1.0566058737946922,0.9476393359830267,0.8076400808153867,1.185116248937322,0.9107320370167065,0.7926773647090817,0.7180969733395783,1.1193763269538266,1.0370381278915313,1.2151065980622806,0.9790028967503434,-0.05660587379469218,0.0523606640169732,0.19235991918461326,-0.18511624893732204,0.08926796298329351,0.20732263529091832,0.2819030266604216,-0.11937632695382655,-0.03703812789153127,-0.21510659806228052,0.020997103249656736
300,,2,20,24.224661239750176,20.6737912786248,9.256695202234628,21.884360355731197,22.12254888815968,28.590745112604473,18.75518858326647,11.82675883049405,39.03017438389534,9.794530007481002,20.615945388224183,1.1250679405022717,0.9254862886111963,0.8030501226854475,1.1646607512018279,0.8983799688039282,0.8111637094827047,0.7284568327046618,1.172000704276872,1.0284207119592266,1.1455732817185709,0.9802260311946707,-0.12506794050227174,0.07451371138880364,0.19694987731455252,-0.1646607512018278,0.10162003119607173,0.1888362905172953,0.2715431672953382,-0.17200070427687206,-0.02842071195922654,-0.14557328171857079,0.019773968805329247
300,,5,2,19.467415098971188,21.59146480876951,8.75207103155431,21.454451447573415,23.711598197908227,26.0356620161028,18.757951769501464,12.976393274714857,33.729116985814606,8.602961532640766,19.507908616355117,0.9403603852578075,0.9776831681503984,0.7760425901812352,1.1625849713811953,0.9632614373639721,0.7536685689647815,0.7469434278009346,1.2970656190140122,0.8988746581586397,0.99087059814183,0.9507355424414806,0.059639614742192516,0.02231683184960162,0.22395740981876475,-0.16258497138119538,0.03673856263602792,0.24633143103521848,0.2530565721990654,-0.2970656190140122,0.10112534184136036,0.00912940185817002,0.049264457558519346
300,,5,3,19.610839048210554,21.35615141098839,9.776776595369324,21.587491597511892,23.58437754560297,26.485084619780253,19.30823666638138,12.765457100762676,34.404898811042365,8.92260926382517,19.780192265947495,0.9353939124316537,0.966982711396634,0.8741808556899616,1.1677558379600155,0.9567878777515798,0.7512349219727726,0.7674354825681147,1.273261999399371,0.9190281747435683,1.0081442622059473,0.9620206036119618,0.06460608756834628,0.03301728860336599,0.12581914431003835,-0.16775583796001545,0.043212122248420144,0.24876507802722742,0.23256451743188528,-0.27326199939937107,0.08097182525643166,-0.008144262205947285,0.03797939638803813
300,,5,10,22.60388199494121,21.111333008963893,9.434257804406341,22.567867747453388,22.492991971860615,28.26757107997343,18.441918155580325,11.147102884505083,38.76442638959331,10.192972452792953,20.50243234900705,1.0609664966073196,0.9506413169539032,0.8262906035849674,1.2045079936883756,0.9215500766707189,0.8062958570976883,0.7124581861355227,1.1105027147861941,1.0268487889145532,1.1812195678642117,0.9801281602303454,-0.06096649660731953,0.04935868304609681,0.17370939641503252,-0.20450799368837555,0.07844992332928113,0.1937041429023118,0.2875418138644773,-0.11050271478619407,-0.02684878891455326,-0.18121956786421167,0.019871839769654547
300,,5,20,24.997420445710148,20.92910676184138,9.228707120838397,22.20015900914067,22.19612554433178,28.67397424686872,18.830969962764627,12.095238380067808,38.69643704137266,9.528244549964974,20.737638306290116,1.1691364535781952,0.9453601214746888,0.796758674084913,1.1862320442454777,0.9034521124511737,0.8039315696996882,0.7321367319542095,1.196093809163088,1.0212812033516137,1.1308171792833195,0.9885199899286367,-0.16913645357819526,0.05463987852531115,0.20324132591508706,-0.18623204424547768,0.0965478875488263,0.19606843030031187,0.2678632680457905,-0.1960938091630879,-0.0212812033516136,-0.1308171792833195,0.011480010071363298
300,1.0,2,2,19.643183315727086,21.332716101597878,11.019927574530577,20.330404160398402,23.64574276357318,28.564296742526963,19.052314972129338,11.616420263792575,35.76280371447847,7.776175103395195,19.874398471214967,0.9465591910849026,0.9651584988904551,0.9803043166440348,1.0957426274479354,0.9355605170151738,0.812418898185666,0.7486671363586858,1.156190657731586,0.957523574079585,0.917051652696465,0.951517707013449,0.05344080891509742,0.03484150110954482,0.019695683355965145,-0.09574262744793544,0.06443948298482613,0.18758110181433402,0.25133286364131424,-0.15619065773158586,0.042476425920414985,0.08294834730353493,0.04848229298655103
300,1.0,2,3,20.661766824178887,21.23183021341856,10.755710060631952,19.78319864196748,23.558635987326365,29.92215941467344,20.476393262812227,11.15354421614312,37.24656168316298,8.235677338952407,20.30254776432674,0.9927698433208086,0.9592079902676521,0.9500053244052078,1.0620629636681207,0.936114009431106,0.8484289383468855,0.7925756868136118,1.1098691260247742,0.9955881870162137,0.9703823420235069,0.9617004411317888,0.007230156679191404,0.04079200973234788,0.049994675594792225,-0.06206296366812061,0.06388599056889403,0.15157106165311446,0.20742431318638824,-0.10986912602477411,0.004411812983786393,0.0296176579764931,0.038299558868211306
300,1.0,2,10,23.92160658030338,21.681281737406355,10.89803193441662,20.39430184849545,23.607731358893965,30.80822998150897,21.792432698815972,10.753290732109365,37.23547480808566,8.556723342617902,20.96491050226536,1.1473722279997318,0.9765414814294833,0.9473608348597041,1.0942379279752565,0.9351729858841237,0.8655916774204055,0.8286647702578207,1.0677195478390848,0.9981857161333637,1.0245686188783347,0.988541578867731,-0.14737222799973182,0.023458518570516763,0.05263916514029591,-0.09423792797525661,0.06482701411587637,0.13440832257959442,0.1713352297421793,-0.06771954783908488,0.0018142838666362839,-0.024568618878334697,0.011458421132269105
300,1.0,2,20,26.212711712047188,21.658283526547905,11.152256252204445,20.388880278786782,23.870320990809475,31.436202342716,21.906866696397916,10.790362025434451,36.99325061277018,8.452128699295248,21.286126313700958,1.2547526849035135,0.9786976478191319,0.9617007138775537,1.0971572263865348,0.933639369374886,0.8732926242008597,0.8283247396211617,1.0678253126709996,0.9928772205144746,1.0211324320759667,1.000939997144508,-0.2547526849035135,0.021302352180868015,0.03829928612244623,-0.09715722638653485,0.06636063062511396,0.12670737579914032,0.1716752603788383,-0.06782531267099959,0.007122779485525432,-0.0211324320759667,-0.0009399971445082402
300,1.0,5,2,19.54901257505309,21.22425046598138,11.082708397057704,20.201543315172355,23.69704884965632,29.245300045732694,19.11394231236026,11.447825709056456,36.006327940576064,7.781960028414898,19.93499196390612,0.941587046722188,0.9597541491616283,0.9840433529818136,1.0864750050226903,0.9325876023202075,0.8341755210198281,0.7510086485373293,1.1379687506319645,0.9646094364046393,0.9197528325533355,0.9511962345355626,0.05841295327781199,0.04024585083837173,0.015956647018186488,-0.0864750050226903,0.0674123976797924,0.165824478980172,0.24899135146267068,-0.13796875063196443,0.03539056359536077,0.08024716744666452,0.04880376546443758
300,1.0,5,3,20.591667360281374,21.266759565882868,10.87563818580536,19.673003496330963,23.526161206974624,30.08063189448317,20.539532398849015,11.185520749679267,36.99435375872399,8.120670656868135,20.28539392738788,0.9903624737761124,0.9623780659695286,0.9602844494532511,1.0580411040978361,0.935479558318128,0.8532579161468953,0.7949600043720424,1.113003996798105,0.990031232362797,0.967911176935762,0.9625709978230457,0.009637526223887628,0.037621934030471434,0.039715550546748926,-0.058041104097836034,0.06452044168187202,0.14674208385310472,0.20503999562795766,-0.11300399679810495,0.009968767637203009,0.03208882306423804,0.037429002176954246
300,1.0,5,10,23.54156668674949,21.74663357936328,10.83605945157289,20.24949494217951,23.670552719435786,30.80455022856699,21.77556319781508,10.76561079159142,37.05249535689597,8.480702240453677,20.89232291946241,1.1290699619041877,0.9818970879947637,0.9496098749979929,1.0884591110609916,0.9329944202482098,0.8651472508041163,0.8282236900856508,1.0654957363371733,0.9933772389280244,1.0188864881803945,0.9853160860541503,-0.1290699619041878,0.018102912005236234,0.05039012500200711,-0.08845911106099168,0.06700557975179022,0.13485274919588378,0.17177630991434928,-0.06549573633717337,0.006622761071975585,-0.01888648818039461,0.014683913945849475
300,1.0,5,20,26.24031402391105,21.510332369132332,11.059119017179814,20.452987111413822,23.72846240910638,31.10935579403287,22.03966786133156,10.724642981015688,37.102212784414014,8.544117000090019,21.251121135162755,1.253552965843237,0.9717768055475049,0.9564453548979622,1.1009611308308629,0.925527847101717,0.8648546365545919,0.8334826782303497,1.0653484392980919,0.9953981738193615,1.0287010450147536,0.9996049077138434,-0.25355296584323683,0.028223194452495083,0.043554645102037784,-0.10096113083086279,0.07447215289828299,0.13514536344540812,0.16651732176965028,-0.06534843929809177,0.004601826180638503,-0.028701045014753596,0.0003950922861567778
300,50.0,2,2,19.03735837472847,21.679528906782846,9.921465133756161,21.37545174334546,24.42707638692436,26.54112778129149,18.9611193602905,12.799560178877291,35.230179881301694,8.97381119873014,19.89466789460284,0.9115760881844368,0.9828638670587648,0.885545542023753,1.1573843153855319,1.0022761774420024,0.7767736916524165,0.7552083822949898,1.2785158629856865,0.9403990570642731,1.032098915375672,0.9722641899467526,0.08842391181556315,0.01713613294123521,0.11445445797624695,-0.15738431538553188,-0.0022761774420024124,0.2232263083475835,0.2447916177050103,-0.2785158629856866,0.059600942935726965,-0.03209891537567219,0.027735810053247302
300,50.0,2,3,19.45566328154809,21.166092737265995,9.309082887520768,21.458229183509534,23.206923927208337,26.938538322880213,17.832230106477788,12.813519455893488,34.48455538923057,8.719397498462458,19.538423278999723,0.9308711050520929,0.9583596128965257,0.8209103408516615,1.1570102663350512,0.947320762883617,0.7764480561480644,0.709100781169144,1.2812881981220423,0.9181878396282993,0.997654009864654,0.9497150972951152,0.06912889494790707,0.04164038710347434,0.1790896591483385,-0.1570102663350513,0.05267923711638303,0.22355194385193553,0.290899218830856,-0.2812881981220424,0.08181216037170067,0.002345990135345966,0.05028490270488474
300,50.0,2,10,22.775723507395014,21.110442352857326,9.081566159666725,22.278052103360913,22.447677906640514,27.887801408088116,18.734417742913145,11.390685711602108,38.990080811955,10.061080184953344,20.475752788943222,1.0637595953141883,0.9521967490959671,0.7996592974674668,1.1912257886408057,0.9252147762254068,0.7961673058149629,0.7216497380052912,1.136636183446213,1.0340491351505512,1.1594199012672786,0.9779978470428132,-0.06375959531418832,0.047803250904032965,0.20034070253253322,-0.19122578864080578,0.07478522377459315,0.2038326941850371,0.2783502619947088,-0.1366361834462131,-0.03404913515055119,-0.15941990126727862,0.022002152957186827
300,50.0,2,20,24.001909831694743,20.638143910001034,9.34874244060492,22.00356654388166,22.00858786535536,28.516222018514267,18.846015128402012,12.142262553819608,38.395336121740016,9.703829411509764,20.56046158255234,1.125900298012035,0.9284042807905499,0.8183673131246834,1.171618218201809,0.8934508111913995,0.8090510028490816,0.7282159295689192,1.1998480260906539,1.013653724726281,1.1379951863204176,0.9826504790875829,-0.125900298012035,0.07159571920945006,0.18163268687531667,-0.1716182182018089,0.10654918880860052,0.19094899715091843,0.27178407043108077,-0.19984802609065389,-0.013653724726280899,-0.1379951863204176,0.017349520912417014
300,50.0,5,2,18.591369696924716,21.62838958006069,9.365467467240142,21.89862948143587,23.779614863358443,26.009064575385057,19.0271757231474,13.776620109345739,35.13271602184552,8.667476267867126,19.78765237866107,0.8925439281623224,0.9809780461386973,0.8397491929472448,1.187905830817331,0.9708690963364359,0.7448864820500111,0.7578165451011801,1.3779125760846438,0.9366127064121468,0.9899874913930673,0.9679261895443082,0.10745607183767762,0.019021953861302683,0.1602508070527552,-0.18790583081733087,0.02913090366356413,0.25511351794998893,0.24218345489881987,-0.3779125760846439,0.06338729358785321,0.010012508606932665,0.03207381045569195
300,50.0,5,3,19.60252810243682,21.722152286165098,9.195298092793106,21.900950014204604,23.476463223279737,26.785951516295523,18.28628671751426,12.816496707215906,34.70683994447884,8.764292708951823,19.72572593133357,0.9456049839603617,0.9844380848318735,0.8200527471884989,1.1838434638283721,0.9538895278867906,0.7631999680575208,0.7257515457947911,1.2804483619816476,0.924627130341461,0.9852329912640108,0.9567088805135329,0.05439501603963827,0.015561915168126503,0.17994725281150117,-0.18384346382837205,0.046110472113209344,0.23680003194247917,0.274248454205209,-0.2804483619816476,0.07537286965853894,0.01476700873598927,0.0432911194864672
300,50.0,5,10,22.14723082393012,20.983352350717364,9.513034501290118,22.315783596783884,22.638106801338747,28.541353001269883,18.40897782213399,10.92692928900334,38.91206447199357,10.009175438738167,20.43960080971992,1.0435544027894395,0.9431957456802225,0.8222449155763786,1.1937667660513054,0.9291485098899286,0.8103947885369425,0.7074766438721549,1.0871023248032734,1.0324815533301053,1.1596897377757667,0.9729055388305516,-0.04355440278943944,0.056804254319777515,0.17775508442362142,-0.19376676605130538,0.07085149011007146,0.18960521146305753,0.2925233561278451,-0.08710232480327346,-0.03248155333010535,-0.15968973777576662,0.027094461169448282
300,50.0,5,20,24.502544734420344,20.780467984051576,9.110257746166086,22.389989461989803,22.054787916464704,28.563572507104944,19.030128629249035,11.958018994824098,39.00317147946112,9.734484636725762,20.712742409045745,1.1566595738885657,0.9353582155042273,0.7863581795170017,1.1903137856121857,0.8944251167482956,0.7971168946015283,0.7370429461601686,1.1846511557000063,1.0301184824217877,1.1475425141714082,0.9859586864325174,-0.15665957388856555,0.06464178449577272,0.21364182048299826,-0.19031378561218576,0.10557488325170443,0.2028831053984716,0.26295705383983137,-0.18465115570000643,-0.030118482421787714,-0.14754251417140818,0.014041313567482472
300,100.0,2,2,19.298512023530673,21.290825853719177,9.356227470628996,21.572694750947157,23.960235638563233,26.377038411693402,18.907304463602355,12.66008030958188,35.339505434108005,8.418238755053842,19.71806631114287,0.929262214984891,0.9634014393246476,0.8324891176959542,1.1675937593034895,0.9715109375124684,0.7707209786386641,0.7528394255908002,1.2658862562691464,0.941119836801422,0.9752852445207851,0.9570109210642268,0.07073778501510895,0.03659856067535242,0.16751088230404582,-0.16759375930348952,0.02848906248753154,0.2292790213613359,0.24716057440919975,-0.26588625626914647,0.05888016319857806,0.0247147554792149,0.04298907893577314
300,100.0,2,3,19.275893904205613,21.77607310201972,9.615528695595627,20.87490767933555,23.537926076618266,27.234910710745446,18.106296715122955,12.538263527161995,34.553061392140165,8.30894032243428,19.58218021253796,0.9240333308129317,0.9865776589988478,0.8592107000357935,1.1274229076268807,0.9458551099745187,0.7822841460640564,0.7195211985652956,1.2532580682548706,0.9214462457927687,0.9364294080820982,0.9456038774208062,0.07596666918706826,0.01342234100115221,0.14078929996420655,-0.12742290762688074,0.054144890025481326,0.2177158539359436,0.2804788014347044,-0.25325806825487074,0.0785537542072313,0.06357059191790182,0.054396122579193795
300,100.0,2,10,22.151732872844608,21.15755738300614,9.235970002964955,21.86070343899072,22.13157549551211,27.90185679111233,18.824259074183754,11.301918025946007,39.08873446209303,10.157980947826038,20.381228849447968,1.039472349237028,0.9530018265657559,0.8057085146579938,1.1698194917070748,0.9041545868211176,0.7971522094611825,0.7265440345509557,1.1253546856839307,1.0355909629661126,1.1664531994859941,0.9723251861137147,-0.03947234923702792,0.04699817343424403,0.1942914853420062,-0.16981949170707475,0.09584541317888236,0.20284779053881755,0.2734559654490442,-0.1253546856839307,-0.03559096296611264,-0.16645319948599413,0.02767481388628542
300,100.0,2,20,24.88881137346139,20.473159653292647,9.331663619191866,22.365213218483696,22.19065902946447,28.387600715433027,18.524491564770944,12.110882025946127,38.771620822574484,9.752538953759277,20.67966409763779,1.1591487451290243,0.9171371166567936,0.8153709777439845,1.1882923761430637,0.9073545214164596,0.8064392937885095,0.7181832841291755,1.2046109270108627,1.0220459183539503,1.1438192995162615,0.9882402459888086,-0.1591487451290244,0.08286288334320631,0.1846290222560155,-0.18829237614306366,0.09264547858354043,0.1935607062114905,0.28181671587082446,-0.2046109270108626,-0.022045918353950283,-0.1438192995162615,0.01175975401119147
300,100.0,5,2,19.304248726318548,21.51144409709464,9.49582516255242,21.423029178429626,24.026316047665212,26.16788170492915,18.397799024355244,13.208500365822347,35.1923111723307,8.544078965634975,19.727143444513285,0.9308997641395146,0.9747236653372042,0.8408159149969955,1.1630275023243104,0.9766149393019498,0.7606691429908443,0.7327688271811572,1.3199448257658593,0.9378683901103203,0.9602107376467225,0.9597543709794879,0.06910023586048547,0.025276334662795778,0.15918408500300454,-0.16302750232431037,0.023385060698050193,0.23933085700915568,0.2672311728188428,-0.3199448257658592,0.06213160988967974,0.03978926235327751,0.040245629020512215
300,100.0,5,3,18.714964533652562,21.82692779518093,9.288950263915218,21.990609107367384,23.379154484936024,27.136670406419704,18.1124056457936,12.616897226747623,34.90577870692794,8.463671896955038,19.643603006789604,0.8964122736322099,0.9873108861873106,0.8217589380232051,1.1891271614020953,0.9506787444177766,0.7703306378393447,0.7197492999177402,1.2596337657320522,0.9299323518049257,0.9531557697880412,0.9478089828744702,0.1035877263677901,0.012689113812689402,0.17824106197679493,-0.1891271614020954,0.04932125558222341,0.22966936216065523,0.2802507000822599,-0.25963376573205216,0.07006764819507422,0.04684423021195879,0.052191017125529836
300,100.0,5,10,22.35123960636554,21.171665716043307,9.535388914848783,22.460940149856974,22.40634217478757,28.507268721484785,18.878765578260968,11.281478003784757,38.73940687977121,10.121869784504208,20.545436552970813,1.0530296239297103,0.9517857280764344,0.8271141011123916,1.2006331862408048,0.9125334806455719,0.798488538388702,0.7208892588459821,1.1240161504201727,1.0266659436575138,1.1747384194971755,0.978989443081446,-0.05302962392971041,0.04821427192356565,0.17288589888760844,-0.20063318624080476,0.0874665193544281,0.20151146161129796,0.27911074115401796,-0.12401615042017267,-0.02666594365751388,-0.17473841949717553,0.021010556918554087
300,100.0,5,20,24.521597324150495,20.74535034975643,9.317478665011508,21.936192015280792,22.061727157884086,28.343798976157412,18.7215410082936,12.631195728869297,38.87957184655078,9.743803989113317,20.69022570610677,1.1565915829906288,0.9364293533818954,0.8018700372048224,1.1718846114906203,0.8915607744566715,0.7992448069169552,0.7270051443494806,1.2503627725717943,1.0253072526288332,1.1569725180277048,0.9917228854019406,-0.15659158299062886,0.06357064661810466,0.19812996279517756,-0.1718846114906202,0.1084392255433285,0.20075519308304482,0.27299485565051934,-0.25036277257179435,-0.025307252628833227,-0.15697251802770473,0.008277114598059345
